all_awardings,allow_live_comments,author,author_flair_css_class,author_flair_richtext,author_flair_text,author_flair_type,author_fullname,author_patreon_flair,author_premium,awarders,can_mod_post,contest_mode,created_utc,domain,full_link,gildings,id,is_crosspostable,is_meta,is_original_content,is_reddit_media_domain,is_robot_indexable,is_self,is_video,link_flair_background_color,link_flair_richtext,link_flair_text_color,link_flair_type,locked,media_only,no_follow,num_comments,num_crossposts,over_18,parent_whitelist_status,permalink,pinned,post_hint,preview,pwls,retrieved_on,score,selftext,send_replies,spoiler,stickied,subreddit,subreddit_id,subreddit_subscribers,subreddit_type,thumbnail,thumbnail_height,thumbnail_width,title,total_awards_received,treatment_tags,upvote_ratio,url,url_overridden_by_dest,whitelist_status,wls,link_flair_css_class,link_flair_template_id,link_flair_text,removed_by_category,author_flair_template_id,author_flair_text_color,media,media_embed,secure_media,secure_media_embed,is_gallery,crosspost_parent,crosspost_parent_list,media_metadata,author_flair_background_color,banned_by
[],False,bigfatnan,,[],,text,t2_7vbs21ty,False,False,[],False,False,1617364402,self.vegan,https://www.reddit.com/r/vegan/comments/miis9d/what_recipes_are_relatively_simple_and_fun_for_an/,{},miis9d,True,False,False,False,True,True,False,,[],dark,text,False,False,True,7,0,False,all_ads,/r/vegan/comments/miis9d/what_recipes_are_relatively_simple_and_fun_for_an/,False,,,6,1617364412,1,"I can cook a mean vegetarian dish but im struggling to cook without certain ingredients. My vegan dishes are just not as good, sometimes okay but they can be bland. How can I make them just as good, if not better? Share recipes please.

Also, imortantly, whats the best substitute for butter?

What is a good replacement for eggs and cheese?

What milk will actually blend with my coffees? Thanks",True,False,False,vegan,t5_2qhpm,584888,public,self,,,What recipes are relatively simple and fun for an intermediate cook looking to transition to a vegan diet.,0,[],1.0,https://www.reddit.com/r/vegan/comments/miis9d/what_recipes_are_relatively_simple_and_fun_for_an/,,all_ads,6,,,,,,,,,,,,,,,,
[],False,seahorsec,,[],,text,t2_8x1rjfm0,False,False,[],False,False,1617357592,self.vegan,https://www.reddit.com/r/vegan/comments/mih6at/what_is_your_reason_for_being_vegn/,{},mih6at,True,False,False,False,True,True,False,,[],dark,text,False,False,True,13,0,False,all_ads,/r/vegan/comments/mih6at/what_is_your_reason_for_being_vegn/,False,,,6,1617357602,1,"I‚Äôve been on a plant based diet for 5 years now and from the start its been about the effect animal agriculture has large scale on the environment and not wanting to contribute to that. I love pristine nature (the ocean is my favourite thing) and its something I want my kids in the future to see, so whats your reason? What motivated you to not care about all the fallacies big corporations tried to drill into your minds?",True,False,False,vegan,t5_2qhpm,584852,public,self,,,What is your reason for being vegn,0,[],1.0,https://www.reddit.com/r/vegan/comments/mih6at/what_is_your_reason_for_being_vegn/,,all_ads,6,,,,,,,,,,,,,,,,
[],False,EcoSlugg,,[],,text,t2_41no22g2,False,False,[],False,False,1617354653,self.vegan,https://www.reddit.com/r/vegan/comments/migjkg/what_was_the_last_thing_you_veganised/,{},migjkg,True,False,False,False,True,True,False,,[],dark,text,False,False,True,16,0,False,all_ads,/r/vegan/comments/migjkg/what_was_the_last_thing_you_veganised/,False,,,6,1617354663,1,"Been vegan 3 years now, like most people I switched up my diet first, then my wardrobe, then my makeup, I sorted most of my cleaning products, still struggling for vegan bleach and drain unblocker! Affordable laundry sauce is another one, Tesco does sell one but it's ¬£9 a bottle and isn't always within the budget. They has also been exceptionally useless for vegan sanitary ware, lil-lets are vegan and available but they only seem to do tampons which with my memory is almost guaranteed TSS! 

 I have a disability that effects organisation and memory so getting all my things from different places isn't a realistic option for me so I've been watching as Tesco slowly brings in more and more vegan products. I already get my makeup from elf as Tesco doesn't sell a single vegan makeup and my toothpaste from superdrug for the same reason. And that's about my limit for managing other locations to get essentials, although i am pretty impressed that you can be 98% vegan at Tesco! 

So what was the last thing you veganised and why?",True,False,False,vegan,t5_2qhpm,584832,public,self,,,What was the last thing you veganised?,0,[],1.0,https://www.reddit.com/r/vegan/comments/migjkg/what_was_the_last_thing_you_veganised/,,all_ads,6,,,,,,,,,,,,,,,,
[],False,gam3rpwn,,[],vegan activist,text,t2_vx6s7jh,False,False,[],False,False,1617352397,self.vegan,https://www.reddit.com/r/vegan/comments/mig3lk/activism_content_recommendations_for_italians/,{},mig3lk,True,False,False,False,True,True,False,,[],dark,text,False,False,True,1,0,False,all_ads,/r/vegan/comments/mig3lk/activism_content_recommendations_for_italians/,False,,,6,1617352407,1,"I've been vegan for a year and a half, for ethical reasons. I owe a lot of my current ethical framework to the hundreds of YouTube videos, documentaries, posts, etc that I've watched since making the transition. My girlfriend and many of my new friends are Italian, so I'd like to be able to recommend some good quality content focussed on ethics in their language. My girlfriend is already vegan, but hasn't watched any content and doesn't really know what happens apart from that the animals die and are enslaved. Can anyone make some recommendations for Italian content to point some of my friends in the right direction? Maybe there's a anonymous for the voiceless for Italians. Thanks in advance!",True,False,False,vegan,t5_2qhpm,584822,public,self,,,Activism content recommendations for Italians,0,[],1.0,https://www.reddit.com/r/vegan/comments/mig3lk/activism_content_recommendations_for_italians/,,all_ads,6,Activism,7371b396-1c1e-11e5-a3f0-0ef6ca535a4d,Activism,,468d8be4-5167-11e8-a658-0e4987850f2a,dark,,,,,,,,,,
[],False,kauselis1000,,[],,text,t2_5taipq28,False,False,[],False,False,1617350511,self.vegan,https://www.reddit.com/r/vegan/comments/mifprs/is_it_okay_to_take_1000_mcg_of_b12_a_day/,{},mifprs,True,False,False,False,True,True,False,,[],dark,text,False,False,True,17,0,False,all_ads,/r/vegan/comments/mifprs/is_it_okay_to_take_1000_mcg_of_b12_a_day/,False,,,6,1617350521,1,"I bought a supplement which says that each tablet has 1000 mcg of B12(methylcobalamin) and it indicates that it's 41.667 % of the daily value. However, other sources say that you should only take 250 mcg everyday as a vegan. I'm very confused now and would appreciate any help.

The supplement is manufactured by Natural Factors and I bought it from iHerb.",True,False,False,vegan,t5_2qhpm,584819,public,self,,,Is it okay to take 1000 mcg of B12 a day?,0,[],1.0,https://www.reddit.com/r/vegan/comments/mifprs/is_it_okay_to_take_1000_mcg_of_b12_a_day/,,all_ads,6,Health,e40086b4-f01f-11e2-8dd3-12313b0c8c59,Health,,,,,,,,,,,,,
[],False,ftf9417,,[],,text,t2_14hyy0,False,False,[],False,False,1617346173,self.vegan,https://www.reddit.com/r/vegan/comments/mietfu/i_34f_just_broke_up_with_my_first_girlfriend/,{},mietfu,True,False,False,False,True,True,False,,[],dark,text,False,False,True,203,0,False,all_ads,/r/vegan/comments/mietfu/i_34f_just_broke_up_with_my_first_girlfriend/,False,,,6,1617346184,1,"I'm a lame 34 year old lesbian (8 years vegan) and I've never had a girlfriend before. I've been on first dates before but it was always weird. I came out in my late 20's.

I hit it off really well with a woman on our first date. We went out again and ended up cuddling on my bed and watching TV.

But she eats meat and eggs and dairy. I tried to tell myself that I'd find a way to be okay with it but I can't. I just texted her about it (neither of us could sleep) to say that I was feeling conflicted and she asked if I still wanted to be friends. 

I feel so stupid for thinking I could be okay with dating, then living with and marrying, someone who isn't vegan. I tried thinking of compromises I could make to not infringe on her freedom to live her own way. Like buying meat for her from a less awful farm? The plan didn't really come together. It was nonsense. 

I also feel stupid for torpedoing a relationship over food. It must look so stupid from an outside perspective. My gosh, she's so nice and I really like her. But I can't get over it. She really cares about human rights, and I mean she really really does, but not about animals.

I'm frustrated with the world and with myself. I hate how lonely I feel as a vegan. I hate that to most people it's this weird dumb unnecessary thing and most of all, right now I hate that it matters to me.",True,False,False,vegan,t5_2qhpm,584800,public,self,,,I (34F) just broke up with my first girlfriend because she isn't vegan,0,[],1.0,https://www.reddit.com/r/vegan/comments/mietfu/i_34f_just_broke_up_with_my_first_girlfriend/,,all_ads,6,,,,,,,,,,,,,,,,
[],False,Ceylonkandyan,,[],,text,t2_alrblyhe,False,False,[],False,False,1617344029,self.vegan,https://www.reddit.com/r/vegan/comments/miecvg/amla_nelli_full_of_many_flavors/,{},miecvg,True,False,False,False,True,True,False,,[],dark,text,False,False,True,2,0,False,all_ads,/r/vegan/comments/miecvg/amla_nelli_full_of_many_flavors/,False,,,6,1617344040,1,"&amp;#x200B;

[Amla \/ Nelli Fruit](https://preview.redd.it/7scga2ugbpq61.jpg?width=1920&amp;format=pjpg&amp;auto=webp&amp;s=239c5affb95ebaf273689f5a092dd3ae494d670f)

Nellie/ Amla is found naturally in tropical and subtropical South Asian arid regions and mixed evergreen forests. It originates in the southern Himalayas of Nepal, from the northern part of India to the southern part of the Indian subcontinent. 

&amp;#x200B;

 Medicinal properties 

 Ayurveda points out that Nellie contains all the flavors except salt. It contains the five flavors of sweet, acid, thorn, bitter and decoction. Nellie can be described as an equally beneficial medicine to alleviate the triads of va, pit and sem. 

 Nellie is also very good for pregnant mothers and helps to get rid of many complications during pregnancy. 

Nellie helps maintain normal levels of hormones in the liver, restores liver cells, controls cancer and inflammation, and maintains proper function throughout the body. Nellie is a good medicine to prevent allergies, improve body strength and strengthen the pulse, develop intelligence and control aging. Nellie is also good for dental disease. Nellie can also be used to reduce obesity and burn fat, as well as a remedy for gastrointestinal problems. Nellie also helps lower blood sugar levels.

Nellie is good for improving eyesight and alleviating eye diseases and also prevents premature graying of hair. Eating one or two Nellie nuts daily can help you to have a healthy glow-free hair as well as a healthy, dry skin. Nellie also contributes to the health of the hair as well as the scalp. Nellie will help you save the huge amount of money you spend on a variety of chemical ointments and medications, as well as get better results without side effects. Nellie is good for all the organs of a healthy person from head to toe.

&amp;#x200B;

Amla Tea or Nellie Tea

[Amla Tea](https://preview.redd.it/1bvz8a4ecpq61.jpg?width=1024&amp;format=pjpg&amp;auto=webp&amp;s=1626d2ba83a987cdd416aff09a8c7e644f8c4c61)

Nellie tea is a hot drink made with Nellie powder. Nowadays, these herbal drinks are available in the market as standardized high quality products and it is commendable that these herbal drinks can be easily used instead of tea for the health of your life in a busy lifestyle. You can now use high acid antioxidant tea to burn unwanted fat and maintain a healthy body weight, as a natural beauty treatment and as a natural drink that is good for all the organs of the body. That Nellie tea drink is one of the easiest ways to add the amazing nutritional properties of Nellie to your body.

Hope you will enjoy the content. Appreciate your comment.",True,False,False,vegan,t5_2qhpm,584800,public,https://a.thumbs.redditmedia.com/TK6uTLH_mwUfBCF0kBMGV7cMeYMxz6nabHGJK859x10.jpg,104.0,140.0,Amla / Nelli full of many flavors,0,[],1.0,https://www.reddit.com/r/vegan/comments/miecvg/amla_nelli_full_of_many_flavors/,,all_ads,6,,,,,,,,,,,,,,"{'1bvz8a4ecpq61': {'e': 'Image', 'id': '1bvz8a4ecpq61', 'm': 'image/jpg', 'p': [{'u': 'https://preview.redd.it/1bvz8a4ecpq61.jpg?width=108&amp;crop=smart&amp;auto=webp&amp;s=9ab03e733e682975a4b912bfbd0b65f5fdc00b62', 'x': 108, 'y': 72}, {'u': 'https://preview.redd.it/1bvz8a4ecpq61.jpg?width=216&amp;crop=smart&amp;auto=webp&amp;s=b49479e6952d7bc0519400fbc76afd32aefc35cb', 'x': 216, 'y': 144}, {'u': 'https://preview.redd.it/1bvz8a4ecpq61.jpg?width=320&amp;crop=smart&amp;auto=webp&amp;s=763d180b79176647a6fdf4f896333dd6c92fff20', 'x': 320, 'y': 213}, {'u': 'https://preview.redd.it/1bvz8a4ecpq61.jpg?width=640&amp;crop=smart&amp;auto=webp&amp;s=131f2be225ab75ed3cbf832e9e59ea89843666d0', 'x': 640, 'y': 426}, {'u': 'https://preview.redd.it/1bvz8a4ecpq61.jpg?width=960&amp;crop=smart&amp;auto=webp&amp;s=051bc0cede166c02d0837c31d362be14b929d9c6', 'x': 960, 'y': 640}], 's': {'u': 'https://preview.redd.it/1bvz8a4ecpq61.jpg?width=1024&amp;format=pjpg&amp;auto=webp&amp;s=1626d2ba83a987cdd416aff09a8c7e644f8c4c61', 'x': 1024, 'y': 683}, 'status': 'valid'}, '7scga2ugbpq61': {'e': 'Image', 'id': '7scga2ugbpq61', 'm': 'image/jpg', 'p': [{'u': 'https://preview.redd.it/7scga2ugbpq61.jpg?width=108&amp;crop=smart&amp;auto=webp&amp;s=40c662574d433e2d95d4e9d8690778b90a0c97e5', 'x': 108, 'y': 80}, {'u': 'https://preview.redd.it/7scga2ugbpq61.jpg?width=216&amp;crop=smart&amp;auto=webp&amp;s=d9122a1964fdf54cee543a658e2eb6e773fd8c01', 'x': 216, 'y': 161}, {'u': 'https://preview.redd.it/7scga2ugbpq61.jpg?width=320&amp;crop=smart&amp;auto=webp&amp;s=72d5b7882ce6ee07734a799babbb5c28b7a421b6', 'x': 320, 'y': 238}, {'u': 'https://preview.redd.it/7scga2ugbpq61.jpg?width=640&amp;crop=smart&amp;auto=webp&amp;s=bee8a7f2eda1b04e868958bc1c8739e78e583896', 'x': 640, 'y': 477}, {'u': 'https://preview.redd.it/7scga2ugbpq61.jpg?width=960&amp;crop=smart&amp;auto=webp&amp;s=9034c9c05bbd26d1a6954a1eacc9034c6317f540', 'x': 960, 'y': 716}, {'u': 'https://preview.redd.it/7scga2ugbpq61.jpg?width=1080&amp;crop=smart&amp;auto=webp&amp;s=381d2c9999262b4b26fc4fe504c81d49dbb9afe5', 'x': 1080, 'y': 805}], 's': {'u': 'https://preview.redd.it/7scga2ugbpq61.jpg?width=1920&amp;format=pjpg&amp;auto=webp&amp;s=239c5affb95ebaf273689f5a092dd3ae494d670f', 'x': 1920, 'y': 1432}, 'status': 'valid'}}",,
[],False,Aquarium-Luxor,,[],,text,t2_13bnjz,False,False,[],False,False,1617343287,self.vegan,https://www.reddit.com/r/vegan/comments/mie6r8/would_you_guys_eat_lab_grown_meat_zero_animal/,{},mie6r8,True,False,False,False,True,True,False,,[],dark,text,False,False,False,24,0,False,all_ads,/r/vegan/comments/mie6r8/would_you_guys_eat_lab_grown_meat_zero_animal/,False,,,6,1617343299,1,"As someone who philosophically understands that mass killing living beings for food in slaughterhouses is not the best of choices (I still eat meat, mostly seafood though) and that many of you vegans share this point of view, would you be willing to eat meat if it was grown in a lab?

That is, no animal slaughter or suffering (cultured meat is not 'alive'). Would you eat meat if it came from labs and not farms? Why or why not?",True,False,False,vegan,t5_2qhpm,584798,public,self,,,Would you guys eat lab grown meat (zero animal slaughter) if it became a comercial item?,0,[],1.0,https://www.reddit.com/r/vegan/comments/mie6r8/would_you_guys_eat_lab_grown_meat_zero_animal/,,all_ads,6,Discussion,0d26d52c-2ef1-11e5-8c17-0ec131dbf691,Discussion,,,,,,,,,,,,,
[],False,MzX321,,[],,text,t2_yovbpb0,False,False,[],False,False,1617340719,self.vegan,https://www.reddit.com/r/vegan/comments/midlvw/my_friend/,{},midlvw,True,False,False,False,True,True,False,,[],dark,text,False,False,True,6,0,False,all_ads,/r/vegan/comments/midlvw/my_friend/,False,,,6,1617340730,1,"My friend is studying to be a veterinarian and she mentioned that she raised baby chicks before. She was going on about how ‚Äòcute and small‚Äô they were. So I asked her how they were now, and she said they were already eaten.

I asked her why she was okay killing and eating chickens but wanted to save cats and dogs, but she just kinda shrugged and said cause you don‚Äôt eat pets. I didn‚Äôt feel like arguing with her, because we had this discussion before, but it seems a bit hypocritical to me. 

She loves all animals, especially cows, but gets offended if I talk about how they suffer or make a joke about eating dogs (they‚Äôre free-range tho). I love her, but it just irks me sometime. Any advice?",True,False,False,vegan,t5_2qhpm,584789,public,self,,,My friend,0,[],1.0,https://www.reddit.com/r/vegan/comments/midlvw/my_friend/,,all_ads,6,Story,192cac22-7509-11e9-9af9-0e36ec779de6,Story,,,,,,,,,,,,,
[],False,dudemike1998,,[],,text,t2_1sq0lesx,False,False,[],False,False,1617337499,self.vegan,https://www.reddit.com/r/vegan/comments/mictkx/so_how_many_times_has_any_of_you_vegans_said/,{},mictkx,True,False,False,False,True,True,False,,[],dark,text,False,False,False,10,0,False,all_ads,/r/vegan/comments/mictkx/so_how_many_times_has_any_of_you_vegans_said/,False,self,"{'enabled': False, 'images': [{'id': 'BTR6KZIOa7PanIhL4oWI7UEa0KANGdHw1h-RBY4wLHI', 'resolutions': [{'height': 108, 'url': 'https://external-preview.redd.it/lMKiN1O6r_BdWosHdcx73ks93DaRY7vV6GQm3KYkZxU.jpg?width=108&amp;crop=smart&amp;auto=webp&amp;s=ae9a0528fed4e1a6add8e3ca699a129a25c4d79b', 'width': 108}], 'source': {'height': 128, 'url': 'https://external-preview.redd.it/lMKiN1O6r_BdWosHdcx73ks93DaRY7vV6GQm3KYkZxU.jpg?auto=webp&amp;s=bd03f97bf10747b245748a236bd1dfbc371235ae', 'width': 128}, 'variants': {}}]}",6,1617337510,1,"Now before you go and report or ban me from this subreddit I could care less you do you  just here to spread this podcast to the masses and maybe just maybe make some people decent human beings so give it a listen I am the friendly neighborhood public enemy

https://www.unbelievablepodcast.com/post/140264111486/episode-151-the-secret-life-of-plants",True,False,False,vegan,t5_2qhpm,584769,public,self,,,So how many times has any of you vegans said animals suffer in when people eat meat?,0,[],1.0,https://www.reddit.com/r/vegan/comments/mictkx/so_how_many_times_has_any_of_you_vegans_said/,,all_ads,6,Victory,9a0f74d0-689e-11e5-9c44-0e53d95baa8f,Small Victories,,,,,,,,,,,,,
[],False,tinyspiciestcat,,[],,text,t2_79pms65s,False,False,[],False,False,1617332966,self.vegan,https://www.reddit.com/r/vegan/comments/mibm9m/my_favorite_saladwhole_bowl_base_kale_and_some/,{},mibm9m,True,False,False,False,True,True,False,,[],dark,text,False,False,True,3,0,False,all_ads,/r/vegan/comments/mibm9m/my_favorite_saladwhole_bowl_base_kale_and_some/,False,,,6,1617332977,1,"So! Take you kale and. chop that shit up. I just used one of the gigantic bags from Whole Foods cuz I‚Äôm bougie.

Add oil (I usually use a dollop of olive maybe two tablespoons I don‚Äôt fuckin know).

Add an ACID (this shit is important, because it breaks down the kaleys). I use apple cider vinegar, but have swapped this for soy with yuzu, pure lemon juice, etc. 

Put some fuckin salt on that.

ADD YO NOOCH so you don‚Äôt die from a B12 deficiency. Add nutritional yeast like it‚Äôs your job.

Garlic to taste‚Äîmy taste is ‚Äúif Nosferatu chooses today, his day is FUCKED‚Äù..... so like a lotta garlic.

Massage the kale like you‚Äôre gonna fuck it later and you forgot to buy lube.

Refrigerate it.

Maybe toss it with fancier shiz like FYH parm, craisens if you‚Äôre gonna be gross, hemp hearts, etc.

Too so pan roasted potatoes, brussels, onion, cabbag, quinoa, whatever.


You‚Äôre welcome!",True,False,False,vegan,t5_2qhpm,584746,public,self,,,My FAVORITE salad/whole bowl base. (Kale and some shiz you already own),0,[],1.0,https://www.reddit.com/r/vegan/comments/mibm9m/my_favorite_saladwhole_bowl_base_kale_and_some/,,all_ads,6,Food,d9f9ddf0-f024-11e2-8ebb-12313b0c8c59,Food,,,,,,,,,,,,,
[],False,NatashaR933,,[],,text,t2_4ib8j6n0,False,False,[],False,False,1617331674,self.vegan,https://www.reddit.com/r/vegan/comments/mib9q8/illinformed_friends/,{},mib9q8,True,False,False,False,True,True,False,,[],dark,text,False,False,True,9,0,False,all_ads,/r/vegan/comments/mib9q8/illinformed_friends/,False,,,6,1617331685,1,"Ugh, it just baffles me how people can be so ill informed on the subject. I‚Äôve been debating with my friends lately and their main arguments are that a vegan diet is too expensive, not sustainable, not plausible via land availability, nutritionally deficit, and not readily available. The other one I love is that we can humanely slaughter animals, so why not. I‚Äôm sorry, but there‚Äôs no such thing as humane slaughter if you truly consider the definition of the word. It‚Äôs exhausting trying to counter all of these constantly :(",True,False,False,vegan,t5_2qhpm,584739,public,self,,,Ill-informed friends,0,[],1.0,https://www.reddit.com/r/vegan/comments/mib9q8/illinformed_friends/,,all_ads,6,Discussion,0d26d52c-2ef1-11e5-8c17-0ec131dbf691,Discussion,,,,,,,,,,,,,
[],False,heckyouyourself,,[],transitioning to veganism,text,t2_4cn4ffc0,False,False,[],False,False,1617331232,self.vegan,https://www.reddit.com/r/vegan/comments/mib5bw/i_told_them_i_was_serious_it_went_horribly/,{},mib5bw,True,False,False,False,True,True,False,,[],dark,text,False,False,True,23,0,False,all_ads,/r/vegan/comments/mib5bw/i_told_them_i_was_serious_it_went_horribly/,False,,,6,1617331243,1,"I tried putting my foot down and telling my parents I‚Äôm serious about going vegan. Both my parents immediately said what a horrible idea it is. But they followed that up by saying ‚Äúbut we totally support you.‚Äù

I started off by talking about the footage I‚Äôd seen and how it disturbed me. My dad said how that sort of thing was propaganda and designed to provoke a reaction, and he doesn‚Äôt wanna see me get ‚Äúmanipulated‚Äù by it. I said that if reality was provocative, that‚Äôs a problem. He said ‚Äúthat‚Äôs why you don‚Äôt wanna know how the sausage gets made. Literally. There‚Äôs no way to ethically feed billions of people.‚Äù 

My mom then said that the only reason humans are human is because our ancestors ate meat, and that we owe our advanced brains to animal protein. My dad said that it‚Äôs hard to be healthy while being vegan.

Then both my parents started talking about how the animals we consume are treated humanely before they die and how they‚Äôre killed just as humanely.

After telling me what a horrible idea it is to go vegan, my mom said ‚Äúbut look how much I already support you! I‚Äôve been making plant based meals every now and then, and I buy so many vegetables!‚Äù She then said how most vegans are super unhealthy because they‚Äôre ‚Äújunk-food vegans‚Äù, and that if I did go vegan ‚Äúone day‚Äù, she‚Äôd make sure I wasn‚Äôt ‚Äúone of those vegans‚Äù. I told her I‚Äôd be an adult by then and I wouldn‚Äôt need my mother choosing my food for me. I felt like the conversation wasn‚Äôt going anywhere so I walked off.

As I was leaving, my mom said ‚Äújeez. Was there a script you wanted me to read off of? I‚Äôm sorry I didn‚Äôt say what you wanted me to.‚Äù

Naturally I came back and told her that wasn‚Äôt what was going on, I just regretted saying anything to begin with and felt like we weren‚Äôt getting anywhere. I gave in and said I‚Äôd just wait to go vegan until after I left home.

She said ‚Äúfine. Believe me, I can‚Äôt *wait* to stop cooking for you. Only two more years of this. I can‚Äôt wait.‚Äù I said ‚Äúno one is forcing you to cook for us.‚Äù And I left, feeling like shit.

I‚Äôm pretty sure I heard them talking about me after I left. I don‚Äôt see why they can‚Äôt just accept my decision. It doesn‚Äôt effect them at all. It would have been one thing if I had asked them for their input, but I didn‚Äôt ask, I just told them what my decision was and they immediately started criticizing it. I‚Äôm 16 and can choose what I want to put into my body.

What are y‚Äôall‚Äôs thoughts on what happened? Did I do something wrong?? Why do I feel like shit??? I just don‚Äôt want to ignore what‚Äôs happening to animals and to our planet, and they‚Äôre making me feel like I‚Äôm crazy for it, and like the only reason I feel this way was because a documentary manipulated me into it. Where do I go from here?",True,False,False,vegan,t5_2qhpm,584735,public,self,,,I told them I was serious. It went horribly.,0,[],1.0,https://www.reddit.com/r/vegan/comments/mib5bw/i_told_them_i_was_serious_it_went_horribly/,,all_ads,6,Rant,93c0fe64-689e-11e5-b5be-0e7eccdaeabd,Rant,,b794b724-b0b8-11e5-a63f-0ec593770487,dark,,,,,,,,,,
[],False,throwingthisaway650,,[],vegan,text,t2_7qy9yx3o,False,False,[],False,False,1617331187,self.vegan,https://www.reddit.com/r/vegan/comments/mib4wb/vegan_childhood_memories/,{},mib4wb,True,False,False,False,True,True,False,,[],dark,text,False,False,True,1,0,False,all_ads,/r/vegan/comments/mib4wb/vegan_childhood_memories/,False,,,6,1617331198,1,"A recent post of bugs reminded me of this and I wondered if anyone had memories from their childhood that showed you had vegan ethics when you were young. 

One of my earliest memories is from when I was 3ish years old. I was playing on our patio and saw a lady bug. I remember wanting to see what would happen if I squished it.

Idk I knew it would squish but I think that I thought it would flatten and pop back up like in a cartoon. I took a plastic picnic table we had and crushed the ladybug. I still remember the sound. And when I picked the table up it was crushed and not moving. And it didn't pop back and I realized I had killed it.

That's as far as I remember but apparently I screamed really loud and my mom ran out because she literally thought I was being kidnapped or something. I was so inconsolable that I had hurt the lady bug... And clearly it was more than just childish overdramatization considering it's like my first memory. 

Idk it just makes me think that if we could let kids make their own choices they would never eat meat. It isn't in our nature to want to hurt animals at all. I also wanted to stop eating meat when I was a bit older and realized that people ate ducks and that the chicken I ate was animal parts...

Does anyone else have moments like that where looking back you can see that you had a sort of vegan ethical framework from the start?",True,False,False,vegan,t5_2qhpm,584734,public,self,,,Vegan childhood memories.,0,[],1.0,https://www.reddit.com/r/vegan/comments/mib4wb/vegan_childhood_memories/,,all_ads,6,Discussion,0d26d52c-2ef1-11e5-8c17-0ec131dbf691,Discussion,,70cd74e0-f01f-11e2-be4e-12313d05241f,dark,,,,,,,,,,
[],False,Gingerserpent,,[],,text,t2_8z01527q,False,False,[],False,False,1617330203,self.vegan,https://www.reddit.com/r/vegan/comments/miavat/question_for_veteran_vegans/,{},miavat,True,False,False,False,True,True,False,,[],dark,text,False,False,True,23,0,False,all_ads,/r/vegan/comments/miavat/question_for_veteran_vegans/,False,,,6,1617330214,1,"Hey everyone! My family wants to go vegan. We own 6 chickens and I have questions. I saw something on a different page that basically said I was a monster for owning chickens. Let me give some info and then you tell me if I‚Äôm evilüòÇ

I adopted a friend‚Äôs chickens last summer. They were getting ready to move and couldn‚Äôt find a home for them so they were going to kill them and eat them. I was mortified so I took them in. They get tons of veggies, fruit, snacks, love, safety from local predators, space to roam, and access to their eggs for days at a time in case they need the nutrients from their eggs that they would normally eat in the wild. Whatever is leftover we‚Äôve always eaten or shared with neighbors. They‚Äôre super friendly and come up to you for love and treats.

One person said that they should be set free but I can 100% promise you they would die in the wild.

Is it wrong to eat the leftover eggs that the chickens don‚Äôt eat themselves? Obviously you‚Äôre not vegan then, but at least your not supporting factory farming. Sooooo am I evil? Lol taking care of them and getting to know their little personalities has been so amazing and eye-opening. Anyone who spends time with chickens can tell you that they‚Äôre amazing animals.",True,False,False,vegan,t5_2qhpm,584729,public,self,,,Question for veteran vegans,0,[],1.0,https://www.reddit.com/r/vegan/comments/miavat/question_for_veteran_vegans/,,all_ads,6,,,,,,,,,,,,,,,,
[],False,PuzzleheadedWasabi77,,[],,text,t2_4dlxgn6f,False,False,[],False,False,1617329841,self.vegan,https://www.reddit.com/r/vegan/comments/miarqp/any_authentic_chinese_vegan_cookbook/,{},miarqp,True,False,False,False,True,True,False,,[],dark,text,False,False,False,4,0,False,all_ads,/r/vegan/comments/miarqp/any_authentic_chinese_vegan_cookbook/,False,,,6,1617329852,1,"Hello!

I want to go vegan but my partner's family is from China; I worry that when I go vegan, I won't be able to connect with them and their culture very well. I want to learn how to make vegan versions of traditional Chinese food, although I have some allergies that make it pretty difficult to do substitutions. I'm hoping that if I have a whole book of recipes to choose from there'll have to be something I can eat!

Any ideas for books to check out are greatly appreciated! I do also appreciate individual recipes if that's all you know of, but it will be hit or miss if I'm able to have it.

My allergies are soy (yeah I know that's tough for Chinese food but I'm figuring out quite a lot of substitutes!), eggplant, avocado, yeast, garlic, and this isn't an allergy but I can't have wheat due to my Crohn's disease. Ginger also messes with me sometimes because of my Mast Cell Activation Syndrome, but it's not consistent. Yeah this is quite the list, I know. Hence why I'm struggling. I'm hoping I can at least find 2-3 recipes that I can adapt to meet my restrictions!

Thank you!",True,False,False,vegan,t5_2qhpm,584729,public,self,,,Any authentic Chinese vegan cookbook recommendations?,0,[],1.0,https://www.reddit.com/r/vegan/comments/miarqp/any_authentic_chinese_vegan_cookbook/,,all_ads,6,Question,3fa453f8-685e-11e9-862d-0ee93d557dce,Question,,,,,,,,,,,,,
[],False,[deleted],,,,,,,,[],False,False,1617326320,self.vegan,https://www.reddit.com/r/vegan/comments/mi9scs/vegan_pets_on_the_enterprise/,{},mi9scs,False,False,False,False,False,True,False,,[],dark,text,False,False,True,0,0,False,all_ads,/r/vegan/comments/mi9scs/vegan_pets_on_the_enterprise/,False,,,6,1617326331,1,,True,False,False,vegan,t5_2qhpm,584704,public,default,,,Vegan pets on the Enterprise,0,[],1.0,https://www.reddit.com/r/vegan/comments/mi9scs/vegan_pets_on_the_enterprise/,,all_ads,6,,,,deleted,,dark,,,,,,,,,,moderators
[],False,[deleted],,,,,,,,[],False,False,1617326293,self.vegan,https://www.reddit.com/r/vegan/comments/mi9s2s/vegan_felines_on_star_trek/,{},mi9s2s,False,False,False,False,False,True,False,,[],dark,text,False,False,True,0,0,False,all_ads,/r/vegan/comments/mi9s2s/vegan_felines_on_star_trek/,False,,,6,1617326303,1,,True,False,False,vegan,t5_2qhpm,584704,public,default,,,Vegan felines on Star Trek,0,[],1.0,https://www.reddit.com/r/vegan/comments/mi9s2s/vegan_felines_on_star_trek/,,all_ads,6,,,,deleted,,dark,,,,,,,,,,moderators
